{
  "CLASS_NAME"          : "LoginCaptchaConfig",
  "visibile"            : true,
  "logoImageViewConfig" : {
    "CLASS_NAME"          : "ImageViewConfig",
    "src"                 : "logo.png",
    "width"               : 80,
    "height"              : 45,
    "bgNormalPath"        : "logo.png",
    "topMargin"           : 10,
    "leftMargin"          : 160,
    "visibile"            : true
  },
  "titleConfig"              : {
    "CLASS_NAME"               : "TextConfig",
    "textColor"                : "#ffffff",
    "text"                     : "验证码",
    "textSize"                 : 24,
    "width"                    : 100,
    "height"                   : 45,
    "topMargin"                : 10,
    "leftMargin"               : 160,
    "visibile"                 : false
  },
  "captchaInputConfig"  : {
    "CLASS_NAME"          : "EditTextConfig",
    "inputType"           : 1,
    "isPassword"          : false,
    "enabled"             : true,
    "textSize"            : 24,
    "width"               : 170,
    "height"              : 66,
    "bgNormalPath"        : "input_bg.9.png",
    "bgFocusPath"         : "input_bg.9.png",
    "bgColor"             : "#ffffff",
    "topMargin"           : 70,
    "visibile"            : true
  },
  "captchaWidgetConfig" : {
    "CLASS_NAME"          : "CaptchaWidgetConfig",
    "width"               : 130,
    "height"              : 66,
    "bgNormalPath"        : "input_bg.9.png",
    "bgFocusPath"         : "input_bg.9.png",
    "topMargin"           : 70,
    "leftMargin"          : 9,
    "visibile"            : true,
    "textConfig"          : {
      "CLASS_NAME"          : "TextConfig",
      "textColor"           : "#a0a0a0",
      "textSize"            : 21,
      "width"               : 99,
      "topMargin"           : 9,
      "leftMargin"          : 9,
      "bottomMargin"        : 9,
      "visibile"            : true
    },
    "buttonConfig"        : {
      "CLASS_NAME"          : "ButtonConfig",
      "width"               : 36,
      "height"              : 36,
      "bgNormalPath"        : "refresh.png",
      "bgFocusPath"         : "refreshing.png",
      "topMargin"           : 9,
      "leftMargin"          : 9,
      "visibile"            : true
    }
  },
  "buttonConfig"        : {
    "CLASS_NAME"          : "ButtonConfig",
    "bgDisablePath"       : "btn_black_press.9.png",
    "disableTextColor"    : "#a0a0a0",
    "textColor"           : "#ffffffff",
    "text"                : "确定",
    "textSize"            : 18,
    "width"               : 380,
    "height"              : 60,
    "bgNormalPath"        : "btn_orange.9.png",
    "bgFocusPath"         : "btn_orange_press.9.png",
    "topMargin"           : 150,
    "visibile"            : true
  }
}