{
    "cancelable": true,
    "cancelOnTouchOutside": true,
    "items": [
        {
            "itemType": "group",
            "layoutType": 1,
            "height": 72,
            "items": [
                {
                    "itemType": "image",
                    "width": 84,
					"layoutWeight":0,
                    "bgNormalPath": "logo.png"
                },
                {
                    "itemType": "text",
                    "textColor": "#ffffff",
                    "layoutWeight": 1,
                    "textSize": 24,
                    "text": "   |   退出游戏"
                },
                {
                    "itemType": "button",
                    "width": 25,
                    "rightMargin": 7,
					"layoutWeight":0,
                    "bgNormalPath": "btn_close_normal.png",
                    "bgFocusPath": "btn_close_pressed.png",
                    "action": "dismissDialog"
                }
            ]
        },
        {
            "itemType": "text",
            "width": -1,
            "height": 1,
            "bgNormalPath": "divider.9.png"
        }
    ],
    "width": 450,
    "height": -2,
    "bgNormalPath": "exit_dialog_bg.9.png",
    "leftPadding": 15,
    "rightPadding": 15,
    "bottomPadding": 15
}