{
  "bgNormalPath"        : "init_bg.png",
  "logoImageConfig" : {
    "logoTraverse"        : "init_traverse_logo.png",
    "logoVertical"        : "init_vertical_logo.png",
    "bottomMarginTraverse"       : 40,
    "bottomMarginVertical"       : 90,
    "visibile"            : true
  },
  "loadingConfig"              : {
    "loadingLight"        : "init_loading_light.png",
    "loadingDark"        : "init_loading_dark.png",
    "bottomMarginTraverse"       : 30,
    "bottomMarginVertical"       : 42,
    "visibile"            : true
  },
  "tipsViewConfig"              : {
    "textColor"                : "#626262",
    "text"                     : "加载中，请稍候",
    "textSize"                 : 18,
    "isCenter"                 : false,
    "bottomMarginTraverse"       : 63,
    "bottomMarginVertical"       : 78,
    "visibile"                 : true
  }
}
