{
  "logoConfig"            : { },
  "titleConfig"           : {
    "text"                  : "错误"
  },
  "exContentLayoutConfig" : {
    "source"                : "<adv><text>SD卡未挂载或空间不够<\/text><\/adv>"
  },
  "mainBtnConfig"         : {
    "text"                  : "退出游戏||稍候更新"
  },
  "assistBtnConfig"       : {
    "text"                  : "重试",
    "visibile"              : true
  },
  "closeBtnConfig"        : { },
  "progressBarConfig"     : { },
  "parent"                : "updateGameDialog"
}
