{
  "CLASS_NAME"               : "UpdatePasswordLayoutConfig",
  "width"                    : 460,
  "height"                   : 365,
  "x"                        : -1,
  "y"                        : -1,
  "bgNormalPath"             : "bg.9.png",
  "bgColor"                  : "",
  "visibile"                 : true,
  "logoImageViewConfig"      : {
    "CLASS_NAME"               : "ImageViewConfig",
    "src"                      : "logo.png",
    "width"                    : 80,
    "height"                   : 45,
    "bgNormalPath"             : "logo.png",
    "topMargin"                : 24,
    "leftMargin"               : 24,
    "visibile"                 : true
  },
  "titleConfig"              : {
    "CLASS_NAME"               : "TextConfig",
    "textColor"                : "#ffffff",
    "text"                     : "<font color='#a0a0a0'>|<\/font> 修改密码",
    "textSize"                 : 24,
    "width"                    : 100,
    "height"                   : 45,
    "topMargin"                : 33,
    "leftMargin"               : 115,
    "visibile"                 : true
  },
  "tipsConfig"               : {
    "CLASS_NAME"               : "TextConfig",
    "textColor"                : "#a0a0a0",
    "text"                     : "您使用的是随机密码<font color='#FF0000'>（还可以使用 %s 次）<\/font>，为了您账号的安全，请及时修改。",
    "textSize"                 : 18,
    "width"                    : 386,
    "height"                   : 60,
    "topMargin"                : 158,
    "leftMargin"               : 24,
    "visibile"                 : true
  },
  "editTextConfig"           : {
    "CLASS_NAME"               : "InputWidgetConfig",
    "width"                    : 410,
    "height"                   : 55,
    "bgNormalPath"             : "input_bg.9.png",
    "bgFocusPath"              : "input_bg.9.png",
    "bgColor"                  : "#ffffff",
    "topMargin"                : 94,
    "visibile"                 : true,
    "labelTextViewConfig"      : {
      "CLASS_NAME"               : "TextConfig",
      "visibile"                 : false
    },
    "rightLabelTextViewConfig" : {
      "CLASS_NAME"               : "TextConfig",
      "visibile"                 : false
    },
    "inputEditTextConfig"      : {
      "CLASS_NAME"               : "EditTextConfig",
      "hint"                     : "请输入 6~20 位新密码",
      "inputType"                : 144,
      "isPassword"               : false,
      "enabled"                  : true,
      "textColor"                : "#000000",
      "textSize"                 : 24,
      "width"                    : 371,
      "height"                   : 51,
      "bgColor"                  : "#66ffffff",
      "leftMargin"               : 5,
      "visibile"                 : true
    },
    "rightButtonConfig"        : {
      "CLASS_NAME"               : "ButtonConfig",
      "textColor"                : "#000000",
      "visibile"                 : true
    }
  },
  "buttonConfig"             : {
    "CLASS_NAME"               : "ButtonConfig",
    "textColor"                : "#ffffffff",
    "text"                     : "确定",
    "textSize"                 : 24,
    "width"                    : 410,
    "height"                   : 55,
    "bgNormalPath"             : "btn_orange.9.png",
    "bgFocusPath"              : "btn_orange_press.9.png",
    "topMargin"                : 215,
    "visibile"                 : true
  },
  "closedConfig"             : {
    "CLASS_NAME"               : "TextConfig",
    "textColor"                : "#a0a0a0",
    "textPressColor"           : "#ffffff",
    "text"                     : "关闭",
    "textSize"                 : 18,
    "icon"                     : "loginup_icon_arrow.png",
    "iconDirection"            : 4,
    "width"                    : 100,
    "height"                   : 40,
    "bgNormalPath"             : "loginup_bg.9.png",
    "bgFocusPath"              : "loginup_bg.9.png",
    "rightMargin"              : 12,
    "bottomMargin"             : 5,
    "visibile"                 : true
  }
}
