﻿<?xml version="1.0" encoding="UTF-8"?>
<project nbr="UC-2" packTime="201405301655" resFlag="UC" resVersion="2">
	<node nbr="common" ver="130902114255" entry=""/>
	<node nbr="general" ver="130629144038" entry=""/>
	<node nbr="game" ver="130829164920" entry="game.html"/>
	<node nbr="pay"  ver="130716142151" entry="start.html"/>
	<node nbr="user" ver="130902145231" entry="user.html"/>
	<node nbr="bbs" ver="130627193320" entry="bbs.html"/>
	<node nbr="feedback" ver="130528182436" entry="feedback.html"/>
	<node nbr="conf" ver="140126180924" entry=""/>
	<node nbr="secrecy" ver="130528182651" entry="secrecy.html" />
    	<node nbr="vip" ver="130131105551" entry="http://vip.9game.cn/member/sdkOpen" />
	<node nbr="codecenter" ver="130829194828" entry="codecenter.html"/>
	<node nbr="jars" ver="140126181025" entry=""/>
	<node nbr="widget" ver="131225194332" entry=""/>
	
	<clientapi apiName="login" entryNodeNbr="user" hash="" />
	<clientapi apiName="pay" entryNodeNbr="pay" hash="" />
	<clientapi apiName="user_center" entryNodeNbr="user" hash="#!user"/>
	<clientapi apiName="update_pwd" entryNodeNbr="user" hash="#!user/updatePassword/true"/>
	<clientapi apiName="login_game" entryNodeNbr="user" hash="#!sso/oldAcc"/>
	<clientapi apiName="register" entryNodeNbr="user" hash="#!user/register"/>
	<clientapi apiName="alpha_code" entryNodeNbr="game" hash="#!game/validCode/"/>
	<clientapi apiName="game_not_open" entryNodeNbr="game" hash="#!game/notOpen"/>
	<clientapi apiName="forget_pwd" entryNodeNbr="user" hash="#!findPassword/passwordRetake/messageRetake"/>
	<clientapi apiName="agreement" entryNodeNbr="user" hash="#!user/agreement"/>
	<clientapi apiName="msgInbox" entryNodeNbr="user" hash=""/>
	<clientapiForUrl apiName="strategy" url="http://a.9game.cn/sdk/list.html"/>
	<clientapiForUrl apiName="prepay" url="https://paycenter.uc.cn/game/campaign/preRecharge.htm"/>
	<clientapiForUrl apiName="updatePassword" url="https://api.open.uc.cn/cas/?client_id=17&amp;display=mobile&amp;target_client_id=4&amp;target_redirect_uri=https%3A%2F%2Fid.uc.cn%2Fnext%2Fchangepassword%2FchangePassword%3Fdisplay%3Dmobile%26browser_type%3Dhtml5%26client_id%3D17&amp;use_client_login_status=true"/>
</project>

<project nbr="UC-2" packTime="201405301655" resFlag="UC" resVersion="2" landscape="true">
	<node nbr="user" ver="140403135304" entry="user_landscape.html"/>
</project>


